memory,4gb,8gb
camera,slr,1mp
windows,mac
card,gift
apple,ipod,iphone,ipad
nintendo,ds,wii,gamecube,3ds,psp,playstation,xbox
electric,gas
drive,hard,500gb,750gb
battery,lithium,ion,lenmar
hard,drive,500gb
steel,stainless
stainless,steel,kitchenaid
playstation,xbox,360,psp,wii,ps2,gamecube,nintendo
lens,slr,dslr,telephoto,lenses,300mm,200mm,55mm
mobile,phones
refrigerator,refrigerators,side,cu,ft,freezer,monochromatic
blue,purple,pink,red,green
ipod,apple,iphone,4th
side,by,refrigerator,door,monochromatic,satina,customstyle,counter,water
samsung,lg
guitar,string,acoustic
range,ranges
select,for
built,in
game,guide,boy,gamecube,advance
cable,audioquest
xbox,360,playstation,psp,wii,ps3,ps2,guide,nintendo
hdtv,1080p,720p,class,60hz,120hz
processor,intel,core,amd,athlon
class,hdtv,60hz,1080p
canon,eos,powershot
phones,mobile,cell,phone
nikon,coolpix
player,mp3
whirlpool,biscuit,maytag,ge,inglis
home,theater
intel,processor,core,i5,i7,pentium,i3,celeron
phone,gophone,phones
headphones,earbud,ear,headphone
speaker,each,speakers
monitor,lcd,monitors
most,for
gift,buy,gc,best,card
frigidaire,gallery,maytag,ge
best,buy,gc,gift,congratulations
size,full,string
ipad,apple
flat,panel,tvs
panel,flat,tvs
door,side,water
iphone,4s,apple,ipod,3gs
cleaning,self,accubake,cleandesign,freestanding
freestanding,accubake,self,cleaning,convection
full,size,string
mouse,optical
lithium,ion,lenmar,battery,polymer
camcorder,camcorders,everio,gz,handycam,dcr
cycle,washer,dryer,efficiency,steamwasher,supersize,steamdryer,cabrio,capacity,cu,ft
self,cleaning,freestanding,cleandesign,accubake
string,size,cutaway,full,guitar,schecter,trans,alvarez,washburn
theater,home,ch
pink,purple,blue
water,door,ice,side
kitchenaid,architect,stainless,superba
dryer,washer,cycle,steamwasher,steamdryer,laundry,gas,efficiency,dryers
core,intel,processor,i5,amd,i3,i7,pentium,phenom
1080p,hdtv,720p,120hz,60hz,240hz,class
pair,way,speakers
dishwasher,tub,tall
sleeve,slip
lenmar,lithium,ion,battery
vehicles,later,metra,volkswagen,1998,toyota,installation,chrysler,pontiac,scosche,lexus
profile,ge
microwave,microwaves,advantium,convection
green,blue,orange
speakers,way,pair,cones,woofer,speaker,impp
oven,convection
capacity,cycle
maytag,whirlpool,ge,inglis,bisque,frigidaire,cleansteel
cell,cellstar,nokia,phones,cellsuit
generation,4th,3rd
cordless,dect,answering
amplifier,bridgeable
disc,cd
games,trademark,billiard
tall,tub,dishwasher,ascenta
dell,inspiron,xps,acer
guide,game,gamecube,ps2,collector,strategy,xbox
zoom,slr,300mm,telephoto
clock,alarm
cartridge,cartridges,ink,toner,yield,remanufactured,printers
trademark,games,billiard,global,cue
convection,oven,accubake,freestanding,microwave
monster,monsters
music,sheet,hal,leonard,various
subwoofer,subwoofers,enclosure,sub
bisque,ge,cleansteel,inglis,biscuit,maytag,hotpoint
500gb,320gb,750gb,640gb,1tb,drive,250gb,hard,5tb,2tb
acoustic,guitar
metra,vehicles,later,1998,scosche,1994,toyota,volkswagen,cadillac,installation,audi
installation,vehicles,metra,din,install
60hz,720p,120hz,hdtv,1080p,240hz,class
dslr,slr,300mm,lens,telephoto,85mm,200mm,eos,a55
pavilion,hp
earbud,headphones,headphone
leonard,hal,sheet,various,songbook,instructional,instruction,songs,music,composers,artists
motorola,razr,droid
washer,cycle,dryer,steamwasher,efficiency,washers,laundry,dryers
receiver,receivers
company,tiffany
deck,52w,50w,detachable
widescreen,tft,lcd
kodak,easyshare
advance,boy,gamecube,ds,game
pioneer,kenwood
state,iowa,ohio,penn,nc,maryland,michigan
headset,plantronics,bluetooth
notebook,notebooks
cases,gator
microphone,microphones,condenser
bluetooth,headset
watch,heart
garmin,gps,nüvi
720p,60hz,1080p,hdtv
purple,pink,blue
300mm,200mm,85mm,250mm,telephoto,dslr,slr,105mm,70mm,lens,a55
filter,filters
computer,computers
netbook,atom
book,instructional,instruction
sheet,hal,leonard,various,music,artists,composers
guitars,dbz
cooktop,cleandesign
time,glitz
200mm,300mm,250mm,85mm,50mm,105mm,telephoto,150mm,dslr,70mm,a55
rebel,eos,t2i,t1i,xsi,t3i,250mm,40d,60d,t3
controller,controllers
expandable,answering,dect,gigaset,handset
scosche,metra,volkswagen,vehicles,later,1998
shot,cyber,dsc,w530
port,hub
insignia,coby
voice,coil,ohm,ohms
16gb,8gb,32gb,64gb
steam,steamwasher,steamdryer
inspiron,dell,xps,gateway,i560,i570
coolpix,s6100,s4100,s6200,s3100,s210,nikon
powershot,elph,a3300,sd1300is,sd1400,sd1200,sx150,a2200,canon,hs
express,pci,x16,gddr5,gddr3
gateway,inspiron
cyber,dsc,w530,shot,w330,w120
dect,answering,gigaset,9ghz,expandable,cordless,handset,waiting
architect,kitchenaid
vacuum,canister,vacuums,bagless,hepa,eureka,hoover,upright
freezer,refrigerator
blackberry,8530,curve,8520,9700
instant,savings,98,i1525
hits,greatest
fender,telecaster,stratocaster,strat
protector,protectors
optical,mouse
wild,sales
outdoor,indoor
schecter,hellraiser,damien,omen,string
scanner,scanjet
plasma,600hz
gamecube,nintendo,ds,wii,boy,advance,guide,ps2,psp,playstation,game
drum,drums
orange,green
120hz,240hz,60hz,1080p,hdtv,regza
mosfet,bridgeable,crossovers,xplod
biscuit,whirlpool,bisque,inglis
upright,bagless,hepa,vacuum
each,speaker,way,loudspeaker
projector,projecta,projectors,wxga,dlp,xga,106,3lcd,svga
acer,aspire,dell,iconia
hood,externally,broan,allure,vented,recirculating
audioquest,optilink,nrg,cable
catz,mad,gamepad
router,11g,linksys,gigabit,802,rangemax,n
star,wars
pangea,brands,protoast,fanjams,tumbler,sandwich
graphics,gddr3,gddr5,pci,geforce,graphic,radeon,x16,gtx,evga,nvidia
sharp,aquos
milliken,rug,tailgate,schedule
easyshare,kodak,m863,m893,m340,m1063
cones,polypropylene,woofer,cone,impp,speakers,coaxial
innovations,fabrique
adobe,cs5,cs6,photoshop,dreamweaver,acrobat
320gb,500gb,250gb,640gb,750gb
savings,instant,98,i1525,vgn
gator,cases
answering,dect,gigaset,waiting,expandable,9ghz,handset,kx,cordless,caller
sandisk,sansa
atom,n270,netbook
coil,ohm,ohms,voice
kenwood,clarion,alpine,pioneer
brother,brothers,mfc
cymbal,cymbals,zildjian,sabian,zht,zbt
lenovo,ideapad,thinkpad,ideacentre
sales,tailgate,statue,wild,toss
skullcandy,hesh
brands,pangea,protoast,fanjams,tumbler
york,yankees,new,jets,mets,knicks,orleans,giants,francisco,rangers,england
south,shore
lighting,chauvet,fixture
hero,activision,hero2
beach,hamilton
alarm,clock
toaster,slice,protoast
gallery,frigidaire
players,mp3
chair,boomchair
zagg,invisibleshield
party,fridge
squad,geek
polypropylene,cones,cone,impp,woofer
internal,serial
ethernet,mbps,gigabit
coffee,pods
earbuds,gumy,aerosport,buds,iclear
32gb,64gb,16gb
cuisinart,hamilton
zildjian,cymbal,zht,zbt,cymbals
scan,progressive,multiformat,divx,upconversion,upconvert,jpeg
replacement,ereplacements
lowepro,aw
greatest,hits
pentium,i3,i5,athlon,core,intel,celeron
compaq,presario,ipaq
conditioner,btu
reader,readers
depth,counter
chicago,blackhawks,cubs,sox,philadelphia,bulls,atlanta,bears,detroit
slice,toaster,protoast,slicer
antenna,antennas
wars,republic,star
skin,musicskins
nüvi,friction,garmin,255wt,gps,roadmate,205
coffeemaker,cup,brew
electronics,meelectronics
counter,depth,customstyle,side
geek,squad
wine,cellar,bottle
hepa,bagless,canister,vacuum,upright,eureka,windtunnel
2007,2006,2003,2004,2008,2005,2002,2009,2010
strings,phosphor,slinky,ghs,boomers,plated
otterbox,commuter,defender
invisibleshield,zagg
netgear,linksys,rangemax,gigabit,cisco,mbps,prosafe
hamilton,beach,cuisinart
alpha,a300k,a350k,a330l,a330,a55,a33
city,chiefs,kansas,royals
geforce,gtx,nvidia,gddr3,gddr5,evga,graphics,zotac,radeon,x16
d3100,d5100,d3000,d7000,s3100,d5000dx,s4100
boelter,fridge
750gb,500gb,640gb,6gb,1tb,320gb,drive
fujifilm,finepix,fuji
recliner,berkline,armless,headliner,sofa
progressive,scan,multiformat,upconversion,jpeg
640gb,500gb,750gb,320gb,6gb,1tb
creative,labs
call,waiting,caller
ddr3,ddr2,gddr3,sdram,pc3,12800,dimm,pc2,dominator,x16,gddr5
indoor,outdoor
kindle,amazon,kobo,readers
telephoto,300mm,85mm,105mm,lens,slr,70mm,if,usm,dslr,200mm
packard,hewlett,photosmart
hewlett,packard,photosmart
athlon,amd,sempron,phenom,turion,pentium,x2,x4,processor
harness,wiring,aftermarket,volkswagen,1998,subaru
playback,jpeg,wma
copier,fax,mfc
2004,2005,2003,2006,2002,2007,2008,2001
enclosure,atrend,sealed,subwoofers,subwoofer
nokia,cell
bagless,vacuum,hepa,canister,upright,eureka,windtunnel
bottle,cellar,wine
shore,south,vito,headboard
instructional,instruction,book,leonard,hal,alfred
component,components
finepix,fujifilm,m340,sd1400,m863,exilim,m1063
2008,2009,2010,2007,2006,2003,2004,2001
upgrade,dreamweaver
alfred,various,instructional
various,artists,hal,composers,sheet,leonard,songs,songbook,ever,alfred,music
casio,exilim
berkline,recliner,armless,magnolia,headliner,theaterseatstore,straight
surge,outlet,outlets
2006,2005,2004,2007,2003,2002,2009,2010,2008,2001
2005,2004,2006,2003,2007,2002,2001
straight,straightener,theaterseatstore,magnolia,berkline
bosch,integra
collector,guide
corsair,dominator
tomtom,xxl,dashboard
handycam,dcr,sr47,sr68,camcorder,everio,hdr
alpine,kenwood
magenta,cyan
chauvet,lighting,fixture
linksys,cisco,netgear,router,gigabit
sanus,foundations,visionmount
2009,2010,2008,2006,2007,2011
dimm,sodimm,pc3200,pc2,pc2700,pc3,valueram,12800,ddr2,sdram,6400
ddr2,pc2,ddr3,sdram,pc2700,pc3200,gddr3,dimm,valueram,sodimm,ddr
later,vehicles,metra,volkswagen,1998,1994,toyota,kia,hyundai,honda,1988
radios,gmrs,frs,mile
seagate,freeagent,goflex
birthday,kwanzaa,cumpleaños,hanukkah,happy,congratulations
coby,insignia
rockford,fosgate,ohms
pentax,optio
fabrique,snuggie,pillow,tailgate,schedule,innovations
pillow,fabrique,snuggie
bridgeable,multichannel,mosfet,crossovers,ab,amplifier,variable
secure,microsdhc,sdhc
heart,rate,watch
contract,no,metropcs,gophone
aspire,acer
minnesota,twins,atlanta,milwaukee,philadelphia,capitals,detroit,tampa,cincinnati,cleveland,carolina
2010,2009,2008,2011,2006,2007,2012
kitty,hello
sirius,siriusxm,xm
600hz,240hz,plasma,viera
outlet,outlets,surge
hello,kitty
hosa,trs
schedule,veteran,glitz,milliken,fabrique,camp
corded,telephone
cooker,slow,rice
hoover,windtunnel,vacuum,bissell
512mb,256mb,1gb,ddr2
boston,celtics,sox,bruins,houston,college
angeles,los,angels,dodgers,lakers,padres,phillies,francisco,rockies,twins,milwaukee
55mm,a55,lens,85mm,52mm
coaxial,composite,cones
ford,1998,lincoln,later,vehicles,volkswagen,jeep,nissan,volvo,metra
washington,pittsburgh,iowa,arkansas,carolina,ohio,maryland,capitals,arizona,tennessee,lsu
250mm,300mm,eos,200mm,135mm,18mp,t2i,85mm,60d,t3i,150mm
250gb,320gb,500gb,160gb
global,trademark
dragon,dragonfly
bissell,hoover
wide,angle
mint,highland,framed
everio,gz,jvc,camcorder,handycam
delonghi,kmix
bravia,xbr
toner,ecotoneplus,yield,printers,laserjet,cartridge
2003,2004,2005,2002,2006,2007,2001,2008
seat,seating,theaterseatstore,magnolia
poker,chip,em
pickup,humbucker,humbucking,duncan,seymour,emg
gmrs,frs,mile,talkabout,microtalk,radios,midland
laserjet,officejet,toner,deskjet
leapfrog,leapster
fosgate,rockford,ohms
lumix,dmc
designs,salamander,chameleon,ak
8ghz,9ghz
serial,ata,internal,sata,desktops
magellan,roadmate,gps
1000w,800w,1200w,500w,900w,600w,400w,300w,200w,700w
university,collegiate
detroit,atlanta,philadelphia,minnesota,dallas,tigers,cleveland,lions,kansas,cubs,phillies
cyan,magenta,durabrite
motherboard,1066,lga,1155,socket,gigabyte,atx,1333,775,1333mhz
elph,powershot,a2200,sd1300is,sd1200,hs,a3300,sd1400,sx150
spindle,52x,lightscribe,16x,48x
philadelphia,phillies,minnesota,detroit,tampa,cubs,flyers,pittsburgh,washington,chicago,twins
highland,framed,gridiron,mint,rink,commemorative,infield,coins,stadium,court
2011,2010,2009,2012
sunburst,burst
mile,frs,gmrs,talkabout,microtalk,radios
kingston,crucial
curved,theaterseatstore,magnolia,headliner
adventure,adventures
miami,dolphins,tennessee,washington,cincinnati,arkansas,marlins,ohio,minnesota,kansas,atlanta
handset,kx,gigaset,dect,answering,expandable
duty,warfare
carolina,panthers,tennessee,florida,arizona,arkansas,oklahoma,iowa,kentucky,nebraska,north
support,jamstands
socket,lga,motherboard,1155,1066,775,gigabyte,1333
quickbooks,quicken
dirt,devil
buffalo,bills,sabres,dallas
prepaid,airtime
boombox,am
dreadnought,alvarez,classical,takamine
cutaway,string
cellular,cellstar
window,btu
rate,heart
projection,projecta
glove,scuba,cellsuit
layer,rw,8x,20x,lightscribe
256mb,512mb,collegiate
seating,theaterseatstore,magnolia,seat
washburn,string
tiffany,tailgate,company
nvidia,geforce,evga,gddr3,gtx,zotac,xfx,bfg,graphics
multicolor,multicolored,tricolor
furniture,whalen
firewire,esata
wiring,harness,subaru,volvo,volkswagen,1994,chrysler,aftermarket,later
caller,id,waiting,call,answering
sims,mysims
norton,user,virusscan,virus
laundry,dryer,washer
celestron,microscope,refractor
salamander,designs,chameleon
kansas,arkansas,chiefs,royals,cincinnati,oklahoma,bengals,carolina,purdue,tennessee,francisco
arizona,carolina,louisville,tennessee,cardinals,louis,arkansas,diamondbacks,clemson,wisconsin,washington
vented,externally,hood
toss,tailgate,sales
gddr5,gddr3,radeon,x16,gtx,pci,graphics,geforce,ati,evga,sdram
diego,padres,san,francisco,49ers,giants,cincinnati,chargers,kansas,milwaukee
monochromatic,satina,cleansteel,look,side,refrigerator
devil,dirt
turion,x2,amd,athlon
essentio,cm1730,01e,05
enabled,waas
printers,toner,ecotoneplus,remanufactured,cartridge
presario,compaq,emachines,sempron
fridge,boelter,party
cincinnati,bengals,reds,kansas,arkansas,louisville,cardinals,jacksonville,baltimore,atlanta,cubs
d5100,d7000,d3100,d3000,a55,d5000dx,d90,85mm,t3,d5000,d700
camcorders,camcorder
pittsburgh,washington,steelers,carolina,panthers,redskins,philadelphia,arizona,orleans,dolphins,colts
dart,billiard,pine
bodum,pavina,bistro
billiard,triangle,cue,dart,games,trademark
schmidt,oscar,alvarez
droid,htc,razr,nexus,motorola
photosmart,hewlett,packard,deskjet
giants,francisco,49ers,yankees,mets,jets,padres,diego,san,york,colts
adventures,adventure
phenom,amd,athlon,x4,core
oscar,schmidt,alvarez,ukulele,concert
gigabit,prosafe,netgear,rangemax,mbps,router,ethernet,cisco,linksys,802
cardinals,louis,rams,diamondbacks,arizona,reds,bengals,cubs,cincinnati,louisville,st
attaché,collegiate
theaterseatstore,magnolia,seating,headliner,curved,seat,armless,berkline,straight
soccer,fifa
legend,zelda
atlanta,minnesota,cleveland,detroit,braves,browns,falcons,cincinnati,houston,ravens,milwaukee
tampa,rays,bay,buccaneers,packers,philadelphia,minnesota,sabres,francisco,phillies,cincinnati
radar,detector
louis,cardinals,st,rams,arizona,louisville,cubs,cincinnati,denver,cleveland,francisco
tiffen,77mm,72mm,67mm,52mm,58mm
riot,outfitters
64gb,32gb,16gb
tailgate,sales,toss,statue,milliken,fabrique,tiffany
student,teacher
faceplate,detachable
radeon,ati,gddr5,x16,gddr3,xfx,pci,graphics,visiontek,geforce
francisco,san,49ers,giants,padres,diego,kansas,yankees,tampa,cincinnati,louis
externally,vented,hood,broan,allure
colorado,rockies,avalanche,milwaukee,portland,cubs,rays,arkansas,tampa
plantronics,headset
effects,effect
clancy,splinter,recon,tom
shredder,crosscut,shred,goecolife
image,sharper
efficiency,cycle,washer,steamwasher,cabrio,dryer
cobra,microtalk
oregon,scientific
keys,sensitive,61
keurig,cups,brewer
framed,highland,rink,gridiron,commemorative,coins,mint,infield
cone,polypropylene,cones
honda,toyota,acura,volkswagen,later,hyundai,1998,vehicles,volvo
princess,prince
cellar,wine,bottle
barska,binocular
vacuums,vacuum,filtrete,canister,eureka
safe,sentrysafe
receivers,receiver
multiformat,scan,progressive,jpeg,upconversion
happy,hanukkah,kwanzaa,father,cumpleaños,birthday
eureka,vacuum,vacuums,filtrete,bagless,hepa
defender,otterbox,commuter
baseball,major
sigma,dg,hsm,f,macro,ef
press,sandwich
drums,drum
made,acme
final,fantasy
detachable,faceplate,52w,deck
commuter,otterbox,defender
variable,crossovers,multichannel,bridgeable,ab
spongebob,squarepants
freeagent,seagate,goflex
drives,surfdrive
upconversion,upconvert,scan,conversion,multiformat,jpeg,progressive
240hz,120hz,600hz,60hz,1080p,xbr
toyota,honda,1998,pontiac,vehicles,later,acura,lexus,nissan,hyundai,metra
emachines,presario,sempron,01e
broan,hood,allure,externally
slip,sleeve
seen,as
sdram,ddr3,ddr2,x16,dimm,valueram,pc3200,pc2700,gddr3,pc2,sodimm
honeywell,bionaire,oscillating
crossover,crossovers
spider,man
sdhc,microsdhc,secure
filtrete,vacuums,3m,eureka
fantasy,final
160gb,250gb,60gb
technica,cardioid
rangers,yankees,mets,giants,york,dodgers,rockies
100w,120w,900w,200w,150w,300w,500w,400w
nissan,toyota,later,vehicles,ford,metra,hyundai
gumy,aerosport,earbuds,iclear
curve,8530,8520,blackberry
clarion,kenwood
subwoofers,subwoofer,ohms,enclosure,sub
gopro,hero2
florida,michigan,wisconsin,iowa,ohio,arkansas,kentucky,carolina,penn,alabama,maryland
condenser,cardioid,microphones,diaphragm,microphone,mxl
beats,dre
technologies,currie
readers,reader,kindle,kobo,nookcolor
purifier,blueair
outfitters,riot
cellstar,cellsuit,cell,cellular
user,norton,virusscan,mcafee
feliz,cumpleaños,kwanzaa,navidad,congratulations,hanukkah,graduation,thank,father,merry
champion,champions
camp,schedule
waiting,caller,answering,id,call,dect
pine,dart
noise,canceling
musicskins,skin
